{"count":1,"self":14648.0644096,"total":58589.407729,"children":{"InitializeActuators":{"count":1,"self":0.0009971,"total":0.0009971,"children":null},"InitializeSensors":{"count":1,"self":0.0025034,"total":0.0025034,"children":null},"AgentSendState":{"count":36033836,"self":31.2337632,"total":7334.3452411,"children":{"CollectObservations":{"count":3603384,"self":352.46256639999996,"total":352.4625724,"children":null},"WriteActionMask":{"count":3603384,"self":2.4582371999999997,"total":2.4582371999999997,"children":null},"RequestDecision":{"count":3603384,"self":12.8674752,"total":6948.190669,"children":{"AgentInfo.ToProto":{"count":3603384,"self":13.0760208,"total":6935.3231939,"children":{"GenerateSensorData":{"count":3603384,"self":82.6997056,"total":6922.2471729,"children":{"CameraSensor.GetCompressedObservation":{"count":7206768,"self":6839.5474944,"total":6839.5474703,"children":null}}}}}}}}},"DecideAction":{"count":36033836,"self":17026.133196799998,"total":17026.1333586,"children":null},"AgentAct":{"count":36033836,"self":19531.3319936,"total":19580.860663299998,"children":{"AgentInfo.ToProto":{"count":27138,"self":0.0978559,"total":49.528209999999994,"children":{"GenerateSensorData":{"count":27138,"self":0.5809556,"total":49.430354099999995,"children":{"CameraSensor.GetCompressedObservation":{"count":54276,"self":48.8493984,"total":48.8493985,"children":null}}}}}}}},"gauges":{"ViewSynthesis.CumulativeReward":{"count":27138,"max":29.250124,"min":-10,"runningAverage":-5.827153,"value":22.2301922,"weightedAverage":9.481366}},"metadata":{"timer_format_version":"0.1.0","start_time_seconds":"1690895695","unity_version":"2022.3.5f1","command_line_arguments":"C:\\Program Files\\Unity\\Hub\\Editor\\2022.3.5f1\\Editor\\Unity.exe -projectpath D:\\Unity\\projects\\ML-Agent -useHub -hubIPC -cloudEnvironment production -licensingIpc LicenseClient-user -hubSessionId a183342c-d78d-4ce2-9053-bb0776216dbf -accessToken mk-7mC5ZJdyZdy17qTW6fxajt8MnieY0iuzd7nEP9N800df","communication_protocol_version":"1.5.0","com.unity.ml-agents_version":"2.0.1","scene_name":"SampleScene","end_time_seconds":"1690954284"}}